StartDate,EndDate,Status,IPAddress,Progress,Duration (in seconds),Finished,RecordedDate,ResponseId,RecipientLastName,RecipientFirstName,RecipientEmail,ExternalReference,LocationLatitude,LocationLongitude,DistributionChannel,UserLanguage,Q1,Q2,Q3,Q4,Q5,Q6,Q6_8_TEXT,Q7,Q7_7_TEXT,Q8,Q9,Q10,Q11,Q14,Q12,Q13,Q13_7_TEXT,Q15,Q16,Q7_7_TEXT - Topics
Start Date,End Date,Response Type,IP Address,Progress,Duration (in seconds),Finished,Recorded Date,Response ID,Recipient Last Name,Recipient First Name,Recipient Email,External Data Reference,Location Latitude,Location Longitude,Distribution Channel,User Language,Are you an undergraduate student at UNC Chapel Hill?,What year are you at UNC Chapel Hill?,How old are you?,What is your major? (including undecided),To which gender do you most identify?,What sexuality do you identify as? - Selected Choice,What sexuality do you identify as? - Other - Text,Which of the following races do you identify with? (can choose more than one) - Selected Choice,Which of the following races do you identify with? (can choose more than one) - Other - Text,Which ethnicity do you most identify with?,Are you a first-generation college student?,"Are you an in-state, out-of-state, or international student?",How supported do you feel at UNC Chapel Hill?,Have you used psychological services (including Counseling and Psychological Services [CAPS] at UNC) during your undergraduate career?,Have you ever used Counseling and Psychological Services (CAPS) at UNC Chapel Hill?,Why have you not used CAPS services at UNC? - Selected Choice,Why have you not used CAPS services at UNC? - Other - Text,When was your first CAPS visit?,Did you know that CAPS is a free service?,Q7_7_TEXT - Topics
"{""ImportId"":""startDate"",""timeZone"":""America/Denver""}","{""ImportId"":""endDate"",""timeZone"":""America/Denver""}","{""ImportId"":""status""}","{""ImportId"":""ipAddress""}","{""ImportId"":""progress""}","{""ImportId"":""duration""}","{""ImportId"":""finished""}","{""ImportId"":""recordedDate"",""timeZone"":""America/Denver""}","{""ImportId"":""_recordId""}","{""ImportId"":""recipientLastName""}","{""ImportId"":""recipientFirstName""}","{""ImportId"":""recipientEmail""}","{""ImportId"":""externalDataReference""}","{""ImportId"":""locationLatitude""}","{""ImportId"":""locationLongitude""}","{""ImportId"":""distributionChannel""}","{""ImportId"":""userLanguage""}","{""ImportId"":""QID1""}","{""ImportId"":""QID2""}","{""ImportId"":""QID3""}","{""ImportId"":""QID4_TEXT""}","{""ImportId"":""QID5""}","{""ImportId"":""QID6""}","{""ImportId"":""QID6_8_TEXT""}","{""ImportId"":""QID7""}","{""ImportId"":""QID7_7_TEXT""}","{""ImportId"":""QID8""}","{""ImportId"":""QID9""}","{""ImportId"":""QID10""}","{""ImportId"":""QID11""}","{""ImportId"":""QID14""}","{""ImportId"":""QID12""}","{""ImportId"":""QID15""}","{""ImportId"":""QID15_7_TEXT""}","{""ImportId"":""QID13""}","{""ImportId"":""QID16""}","{""ImportId"":""QID7_7_TEXT_4976c709101341fb8d7eda65Topics""}"
2018-03-01 07:39:35,2018-03-01 07:41:06,IP Address,152.23.137.69,100,90,True,2018-03-01 07:41:06,R_NVX22tmVnCL2Bih,,,,,36.052505493164,-79.107696533203,anonymous,EN,Yes,Fifth-year senior,Over 23 years,Environmental Science,Male,Heterosexual (straight),,white/Caucasian,,Non-Hispanic,No,In-state,Supported,No,No,Haven't heard of it,,,No,
2018-03-01 08:16:52,2018-03-01 08:18:43,IP Address,70.179.21.228,100,110,True,2018-03-01 08:18:44,R_RKUyCWwR53Eges1,,,,,32.708206176758,-117.23179626465,anonymous,EN,Yes,Senior,20-23 years,Biology and chemistry,Female,Heterosexual (straight),,white/Caucasian,,Non-Hispanic,No,In-state,Somewhat supported,No,No,Haven't needed it,,,Yes,
2018-03-01 08:45:47,2018-03-01 08:46:55,IP Address,152.23.55.91,100,67,True,2018-03-01 08:46:56,R_1gOsKOBhgM4zYHR,,,,,36.052505493164,-79.107696533203,anonymous,EN,Yes,Fifth-year senior,Over 23 years,Math,Female,Heterosexual (straight),,white/Caucasian,,Non-Hispanic,No,In-state,Supported,Yes,No,Haven't heard of it,,,No,
2018-03-01 08:56:10,2018-03-01 08:57:01,IP Address,174.99.35.113,100,51,True,2018-03-01 08:57:02,R_2wFGRHfqdX24bx3,,,,,35.949996948242,-78.961601257324,anonymous,EN,Yes,Senior,20-23 years,geology,Female,Bisexual,,white/Caucasian,,Non-Hispanic,No,In-state,Neutral/indifferent,Yes,Yes,,,Second year of college,Yes,
2018-03-01 09:23:05,2018-03-01 09:28:11,IP Address,107.15.129.120,100,306,True,2018-03-01 09:28:12,R_vkomhKscyqw8Uet,,,,,35.949996948242,-78.961601257324,anonymous,EN,Yes,Senior,20-23 years,Biology,Female,Heterosexual (straight),,white/Caucasian,,Non-Hispanic,No,Out-of-state,Somewhat supported,No,No,Haven't needed it,,,Yes,
2018-03-01 10:56:28,2018-03-01 10:58:12,IP Address,66.87.133.228,100,104,True,2018-03-01 10:58:13,R_2xYwnWF9GEpuA3I,,,,,35.111999511719,-80.761703491211,anonymous,EN,Yes,Senior,20-23 years,HPM,Male,Heterosexual (straight),,white/Caucasian,,Non-Hispanic,No,In-state,Somewhat supported,No,No,Haven't needed it,,,Yes,
2018-03-01 17:42:57,2018-03-01 17:43:06,IP Address,107.15.17.209,100,8,True,2018-03-01 17:43:06,R_Oj9roCPc7fW5dsd,,,,,36.075500488281,-79.074096679688,anonymous,EN,No,,,,,,,,,,,,,,,,,,,
2018-03-01 17:43:16,2018-03-01 17:44:36,IP Address,107.15.17.209,100,79,True,2018-03-01 17:44:36,R_2QQfa0nipbDUR4c,,,,,36.075500488281,-79.074096679688,anonymous,EN,Yes,Fifth-year senior,Over 23 years,Geology,Male,Heterosexual (straight),,white/Caucasian,,Non-Hispanic,No,In-state,Very supported,No,No,Haven't needed it,,,Yes,
2018-03-01 21:09:53,2018-03-01 21:11:21,IP Address,174.99.35.229,100,88,True,2018-03-01 21:26:27,R_3r0TcJ1APKJL2yL,,,,,35.949996948242,-78.961601257324,anonymous,EN,Yes,First-year,17-19 years,Biology,Female,Heterosexual (straight),,white/Caucasian,,Non-Hispanic,No,In-state,Neutral/indifferent,No,No,Do not know how to access services,,,No,
2018-03-02 10:49:05,2018-03-02 10:52:36,IP Address,152.23.203.6,100,210,True,2018-03-02 10:52:36,R_12iptEA2s8Vxdla,,,,,36.052505493164,-79.107696533203,anonymous,EN,Yes,Sophomore,20-23 years,"Psychology ",Female,Heterosexual (straight),,white/Caucasian,,Non-Hispanic,No,In-state,Supported,Yes,Yes,,,First year of college,Yes,
2018-03-02 11:01:19,2018-03-02 11:03:49,IP Address,149.173.8.5,100,150,True,2018-03-02 11:03:50,R_27lq146AB0RAwho,,,,,35.805892944336,-78.799697875977,anonymous,EN,Yes,Senior,20-23 years,Biostatistics,Female,Heterosexual (straight),,white/Caucasian,,Non-Hispanic,No,In-state,Supported,No,No,Do not know how to access services,,,No,
2018-03-02 12:53:05,2018-03-02 12:57:14,IP Address,45.37.171.15,100,249,True,2018-03-02 12:57:15,R_3m3PD0UcoigFD4P,,,,,35.946594238281,-78.797698974609,anonymous,EN,Yes,Senior,20-23 years,Mathematics,Female,Heterosexual (straight),,white/Caucasian,,Non-Hispanic,No,In-state,Supported,No,No,Haven't needed it,,,No,
2018-03-07 10:56:08,2018-03-07 10:57:10,IP Address,174.194.5.127,100,62,True,2018-03-07 10:57:11,R_8cRRtNH7XfBBToJ,,,,,35.057006835938,-79.014701843262,anonymous,EN,Yes,Sophomore,17-19 years,Art History and Mandarin Chinese,Female,Heterosexual (straight),,white/Caucasian,,Non-Hispanic,No,In-state,Supported,Yes,Yes,,,First year of college,Yes,
2018-03-07 10:58:33,2018-03-07 10:59:17,IP Address,152.23.72.141,100,44,True,2018-03-07 10:59:18,R_27U2R4EJT0bs14T,,,,,36.052505493164,-79.107696533203,anonymous,EN,Yes,First-year,17-19 years,Biology,Male,Heterosexual (straight),,"white/Caucasian,black/African American",,Non-Hispanic,No,In-state,Not at all,No,No,Haven't had time/the hours don't work for me,,,Yes,
2018-03-07 11:02:00,2018-03-07 11:02:45,IP Address,152.23.4.50,100,45,True,2018-03-07 11:02:45,R_3hteynpuV4vQmJm,,,,,36.052505493164,-79.107696533203,anonymous,EN,Yes,Sophomore,17-19 years,"PSYC,EXSS",Female,Heterosexual (straight),,white/Caucasian,,Non-Hispanic,No,In-state,Neutral/indifferent,Yes,Yes,,,Second year of college,Yes,
2018-03-07 11:03:15,2018-03-07 11:04:22,IP Address,152.23.130.50,100,67,True,2018-03-07 11:04:23,R_25yL1a01c0V6CCY,,,,,36.052505493164,-79.107696533203,anonymous,EN,Yes,Junior,20-23 years,Biochemistry,Female,Heterosexual (straight),,"white/Caucasian,Other",Middle Eastern,Non-Hispanic,No,In-state,Very supported,No,No,Haven't needed it,,,Yes,
2018-03-07 11:02:54,2018-03-07 11:04:23,IP Address,152.23.249.10,100,88,True,2018-03-07 11:04:23,R_a97F7hgJz5jdYoV,,,,,36.052505493164,-79.107696533203,anonymous,EN,Yes,First-year,17-19 years,Biology,Female,Bisexual,,white/Caucasian,,Non-Hispanic,No,In-state,Supported,No,No,Haven't needed it,,,No,
2018-03-07 11:05:35,2018-03-07 11:06:34,IP Address,107.13.237.167,100,59,True,2018-03-07 11:06:35,R_2rU9FNYiFkzUdBY,,,,,35.811599731445,-78.646003723145,anonymous,EN,Yes,Senior,20-23 years,Philosophy and English,Male,Heterosexual (straight),,white/Caucasian,,Non-Hispanic,No,In-state,Neutral/indifferent,Yes,Yes,,,First year of college,Yes,
2018-03-07 11:05:55,2018-03-07 11:07:06,IP Address,152.23.87.161,100,71,True,2018-03-07 11:07:06,R_3RkXp7cBiBX2UI5,,,,,36.052505493164,-79.107696533203,anonymous,EN,Yes,Sophomore,20-23 years,Environmental Studies,Male,Heterosexual (straight),,white/Caucasian,,Non-Hispanic,No,In-state,Supported,No,No,Haven't needed it,,,Yes,
2018-03-07 11:06:55,2018-03-07 11:07:46,IP Address,152.23.56.185,100,50,True,2018-03-07 11:07:46,R_3HpGehuWo896Kk9,,,,,36.052505493164,-79.107696533203,anonymous,EN,Yes,Junior,20-23 years,biology and psychology,Female,Heterosexual (straight),,white/Caucasian,,Non-Hispanic,No,Out-of-state,Somewhat supported,Yes,Yes,,,Second year of college,Yes,
2018-03-07 11:07:25,2018-03-07 11:09:14,IP Address,74.219.17.202,100,109,True,2018-03-07 11:09:15,R_3oH0ZwwjqqVUVyn,,,,,35.966598510742,-79.041000366211,anonymous,EN,Yes,First-year,20-23 years,Computer science,Male,Heterosexual (straight),,white/Caucasian,,Non-Hispanic,No,In-state,Neutral/indifferent,No,No,Worried about others finding out,,,Yes,
2018-03-07 11:10:52,2018-03-07 11:11:47,IP Address,152.23.116.182,100,54,True,2018-03-07 11:11:48,R_2e82WTZQRxseSUx,,,,,36.052505493164,-79.107696533203,anonymous,EN,Yes,First-year,17-19 years,Peace War and Defense and Spanish Linguistics,Female,Heterosexual (straight),,white/Caucasian,,Non-Hispanic,No,In-state,Supported,Yes,Yes,,,First year of college,Yes,
2018-03-07 11:13:36,2018-03-07 11:14:27,IP Address,24.106.221.131,100,50,True,2018-03-07 11:14:27,R_PIpieN6eBB8w7O9,,,,,34.759506225586,-77.501899719238,anonymous,EN,Yes,First-year,17-19 years,"Undecided ",Female,Heterosexual (straight),,white/Caucasian,,Non-Hispanic,No,In-state,Somewhat supported,No,No,Haven't had time/the hours don't work for me,,,Yes,
2018-03-07 11:15:02,2018-03-07 11:16:00,IP Address,98.27.52.185,100,57,True,2018-03-07 11:16:00,R_1LSUJ8sBT0vwBFC,,,,,35.910507202148,-79.082099914551,anonymous,EN,Yes,Senior,20-23 years,Mejo,Female,Heterosexual (straight),,white/Caucasian,,Non-Hispanic,No,In-state,Neutral/indifferent,No,No,Do not know how to access services,,,No,
2018-03-07 11:15:06,2018-03-07 11:16:05,IP Address,152.23.238.144,100,59,True,2018-03-07 11:16:05,R_301qtfKuleotrTa,,,,,36.052505493164,-79.107696533203,anonymous,EN,Yes,Sophomore,17-19 years,Biology,Female,Heterosexual (straight),,white/Caucasian,,Non-Hispanic,Yes,In-state,Supported,No,No,Haven't needed it,,,Yes,
2018-03-07 11:17:33,2018-03-07 11:18:39,IP Address,174.194.128.238,100,66,True,2018-03-07 11:18:39,R_3D7at9M4gz0pi8H,,,,,34.927307128906,-80.727798461914,anonymous,EN,Yes,First-year,17-19 years,Political Science,Male,Heterosexual (straight),,white/Caucasian,,Non-Hispanic,No,In-state,Somewhat supported,No,No,Worried about others finding out,,,No,
2018-03-07 11:18:06,2018-03-07 11:18:54,IP Address,152.23.229.13,100,47,True,2018-03-07 11:18:55,R_3iVEuRaJWjmNkhb,,,,,36.052505493164,-79.107696533203,anonymous,EN,Yes,Sophomore,17-19 years,"Political science and public policy ",Female,Heterosexual (straight),,white/Caucasian,,Non-Hispanic,Yes,In-state,Somewhat supported,No,No,Other,"Heard it sucked. ",,Yes,
2018-03-07 11:15:58,2018-03-07 11:19:00,IP Address,204.85.176.249,100,181,True,2018-03-07 11:19:00,R_1XF9n1zcxQFDxfz,,,,,35.994003295898,-78.898597717285,anonymous,EN,Yes,Junior,20-23 years,Global Studies and Comparative Literature,Non-conforming,Bisexual,,white/Caucasian,,Non-Hispanic,No,In-state,Very supported,Yes,Yes,,,Third year of college,Yes,
2018-03-07 11:18:25,2018-03-07 11:19:39,IP Address,152.23.3.2,100,73,True,2018-03-07 11:19:39,R_O8pxm11hQxhsDC1,,,,,36.052505493164,-79.107696533203,anonymous,EN,Yes,Sophomore,17-19 years,Econ,Male,Heterosexual (straight),,white/Caucasian,,Non-Hispanic,No,International,Supported,No,No,Haven't needed it,,,Yes,
2018-03-07 11:19:36,2018-03-07 11:20:32,IP Address,152.23.247.165,100,56,True,2018-03-07 11:20:33,R_URCQ6RUlqLSwQJH,,,,,36.052505493164,-79.107696533203,anonymous,EN,Yes,Sophomore,20-23 years,Human Development and Family Studies and Psychology (BA),Female,Heterosexual (straight),,white/Caucasian,,Non-Hispanic,No,In-state,Supported,No,No,Haven't needed it,,,Yes,
2018-03-07 11:21:44,2018-03-07 11:22:59,IP Address,152.23.11.56,100,75,True,2018-03-07 11:23:00,R_3syNYq6IynA0GXv,,,,,36.052505493164,-79.107696533203,anonymous,EN,Yes,First-year,17-19 years,biology,Male,Heterosexual (straight),,white/Caucasian,,Non-Hispanic,No,In-state,Neutral/indifferent,Yes,Yes,,,First year of college,Yes,
2018-03-07 11:22:29,2018-03-07 11:24:21,IP Address,152.23.12.43,100,111,True,2018-03-07 11:24:22,R_2tsQNQ6lRncxymW,,,,,36.052505493164,-79.107696533203,anonymous,EN,Yes,Sophomore,17-19 years,Management,Female,Heterosexual (straight),,white/Caucasian,,Non-Hispanic,No,In-state,Supported,Yes,Yes,,,First year of college,Yes,
2018-03-07 11:24:35,2018-03-07 11:25:32,IP Address,152.23.91.91,100,56,True,2018-03-07 11:25:32,R_3HnnRa4OxvxjdBo,,,,,36.052505493164,-79.107696533203,anonymous,EN,Yes,Junior,20-23 years,"Communications and Women's and Gender Studies ",Female,Bisexual,,white/Caucasian,,Non-Hispanic,No,In-state,Supported,Yes,Yes,,,Second year of college,Yes,
2018-03-07 11:27:50,2018-03-07 11:28:51,IP Address,152.23.125.73,100,61,True,2018-03-07 11:28:52,R_2Sc4JN3IcN0hWGW,,,,,36.052505493164,-79.107696533203,anonymous,EN,Yes,Senior,20-23 years,Statistics and Analytics,Male,Heterosexual (straight),,white/Caucasian,,Non-Hispanic,No,In-state,Supported,No,No,Haven't needed it,,,Yes,
2018-03-07 11:28:23,2018-03-07 11:29:18,IP Address,152.23.73.149,100,55,True,2018-03-07 11:29:19,R_2yp7vnDZAprP17K,,,,,36.052505493164,-79.107696533203,anonymous,EN,Yes,Sophomore,20-23 years,Biology B.S.,Male,Bisexual,,white/Caucasian,,Non-Hispanic,No,In-state,Very supported,No,No,Haven't needed it,,,Yes,
2018-03-07 11:31:46,2018-03-07 11:32:50,IP Address,152.23.100.149,100,64,True,2018-03-07 11:32:51,R_yWUO2KlIFYAz3Tr,,,,,36.052505493164,-79.107696533203,anonymous,EN,Yes,Junior,20-23 years,BFA-Studio Art,Male,Bisexual,,white/Caucasian,,Non-Hispanic,No,In-state,Supported,Yes,Yes,,,First year of college,Yes,
2018-03-07 11:33:40,2018-03-07 11:34:45,IP Address,45.37.121.41,100,64,True,2018-03-07 11:34:46,R_2Pj9tWylHxbHof3,,,,,35.966598510742,-79.041000366211,anonymous,EN,Yes,Senior,20-23 years,Emvironmental Health,Female,Heterosexual (straight),,white/Caucasian,,Non-Hispanic,No,In-state,Very supported,Yes,Yes,,,Third year of college,Yes,
2018-03-07 11:39:31,2018-03-07 11:40:59,IP Address,152.23.223.72,100,87,True,2018-03-07 11:41:00,R_1C316q8HswfEucL,,,,,36.052505493164,-79.107696533203,anonymous,EN,Yes,Sophomore,17-19 years,biostatistics,Female,Heterosexual (straight),,Asian,,Non-Hispanic,No,In-state,Supported,No,No,Haven't needed it,,,Yes,
2018-03-07 11:42:41,2018-03-07 11:43:16,IP Address,24.211.149.26,100,34,True,2018-03-07 11:43:17,R_1H5DG3jUtOTJnzj,,,,,35.913299560547,-79.159202575684,anonymous,EN,No,,,,,,,,,,,,,,,,,,,
2018-03-07 11:42:16,2018-03-07 11:43:31,IP Address,152.23.96.101,100,74,True,2018-03-07 11:43:31,R_3I5eb9963oWS4z1,,,,,36.052505493164,-79.107696533203,anonymous,EN,Yes,Junior,20-23 years,Biology and Chemistry,Female,Heterosexual (straight),,white/Caucasian,,Non-Hispanic,No,In-state,Supported,Yes,Yes,,,Third year of college,Yes,
2018-03-07 11:42:23,2018-03-07 11:43:33,IP Address,152.23.43.236,100,70,True,2018-03-07 11:43:33,R_AiBsHqYpALb3KuJ,,,,,36.052505493164,-79.107696533203,anonymous,EN,Yes,First-year,17-19 years,Chemistry,Male,Heterosexual (straight),,white/Caucasian,,Non-Hispanic,No,In-state,Not at all,No,No,Haven't had time/the hours don't work for me,,,Yes,
2018-03-07 11:44:51,2018-03-07 11:45:00,IP Address,152.23.51.41,100,8,True,2018-03-07 11:45:00,R_1DIS33kVefAZEsW,,,,,36.052505493164,-79.107696533203,anonymous,EN,No,,,,,,,,,,,,,,,,,,,
2018-03-07 11:50:18,2018-03-07 11:51:16,IP Address,152.23.105.100,100,57,True,2018-03-07 11:51:16,R_3jVbmZZKPtuY9gD,,,,,36.052505493164,-79.107696533203,anonymous,EN,Yes,Junior,20-23 years,History,Female,Heterosexual (straight),,white/Caucasian,,Non-Hispanic,No,In-state,Somewhat supported,Yes,Yes,,,First year of college,Yes,
2018-03-07 11:52:19,2018-03-07 11:53:51,IP Address,152.23.153.119,100,91,True,2018-03-07 11:53:52,R_2QnZIImf6hIZzZN,,,,,36.052505493164,-79.107696533203,anonymous,EN,Yes,Sophomore,20-23 years,Dramatic arts and advertising,Male,Heterosexual (straight),,white/Caucasian,,Non-Hispanic,No,In-state,Somewhat supported,No,No,Haven't needed it,,,No,
2018-03-07 11:59:57,2018-03-07 12:01:12,IP Address,137.120.107.61,100,74,True,2018-03-07 12:01:12,R_1omMcGOK3vA4Cmd,,,,,50.85009765625,5.6882019042969,anonymous,EN,Yes,Junior,20-23 years,BUsiness and political science,Female,Heterosexual (straight),,white/Caucasian,,Non-Hispanic,No,In-state,Very supported,No,No,Haven't needed it,,,Yes,
2018-03-07 12:06:55,2018-03-07 12:08:29,IP Address,107.77.233.68,100,94,True,2018-03-07 12:08:30,R_1M0cVuRepG0mdq8,,,,,33.748992919922,-84.388000488281,anonymous,EN,Yes,Senior,20-23 years,CLS,Female,Heterosexual (straight),,white/Caucasian,,Non-Hispanic,No,Out-of-state,Neutral/indifferent,Yes,Yes,,,Second year of college,Yes,
2018-03-07 12:10:30,2018-03-07 12:11:21,IP Address,152.23.63.110,100,51,True,2018-03-07 12:11:22,R_1Lev9CBu3tYhonq,,,,,36.052505493164,-79.107696533203,anonymous,EN,Yes,Sophomore,20-23 years,"Peace, War, and Defense and Math",Female,Bisexual,,white/Caucasian,,Non-Hispanic,No,In-state,Supported,Yes,Yes,,,Second year of college,Yes,
2018-03-07 12:16:37,2018-03-07 12:17:39,IP Address,152.23.123.90,100,62,True,2018-03-07 12:17:40,R_324nhIndygy0Eni,,,,,36.052505493164,-79.107696533203,anonymous,EN,Yes,Sophomore,17-19 years,Biology,Female,Heterosexual (straight),,white/Caucasian,,Non-Hispanic,No,In-state,Neutral/indifferent,No,No,Haven't had time/the hours don't work for me,,,Yes,
2018-03-07 12:19:38,2018-03-07 12:20:36,IP Address,152.23.76.81,100,57,True,2018-03-07 12:20:36,R_xaqBQhrPWLnw5bj,,,,,36.052505493164,-79.107696533203,anonymous,EN,Yes,Sophomore,17-19 years,"Biology ",Female,Heterosexual (straight),,white/Caucasian,,Non-Hispanic,No,In-state,Somewhat supported,Yes,Yes,,,First year of college,Yes,
2018-03-07 12:37:27,2018-03-07 12:38:43,IP Address,152.23.133.134,100,75,True,2018-03-07 12:38:43,R_2EzWflb1DEnJPV6,,,,,36.052505493164,-79.107696533203,anonymous,EN,Yes,First-year,17-19 years,Public Policy and Media and Journalism,Female,Heterosexual (straight),,white/Caucasian,,Non-Hispanic,No,In-state,Supported,No,No,Haven't had time/the hours don't work for me,,,Yes,
2018-03-07 12:39:39,2018-03-07 12:40:21,IP Address,152.23.97.244,100,42,True,2018-03-07 12:40:22,R_12LKR80dJnvZ02O,,,,,36.052505493164,-79.107696533203,anonymous,EN,Yes,Sophomore,20-23 years,Psychology,Female,Heterosexual (straight),,white/Caucasian,,Non-Hispanic,Yes,In-state,Supported,No,No,Haven't needed it,,,Yes,
2018-03-07 12:42:00,2018-03-07 12:43:36,IP Address,152.23.183.122,100,95,True,2018-03-07 12:43:36,R_9Xfh3nIWRRAOtzz,,,,,36.052505493164,-79.107696533203,anonymous,EN,Yes,Sophomore,20-23 years,English,Female,Heterosexual (straight),,white/Caucasian,,Non-Hispanic,No,In-state,Somewhat supported,Yes,Yes,,,First year of college,Yes,
2018-03-07 12:51:44,2018-03-07 12:52:57,IP Address,152.23.105.140,100,72,True,2018-03-07 12:52:58,R_CgJoZBAYbNdVRg5,,,,,36.052505493164,-79.107696533203,anonymous,EN,Yes,First-year,17-19 years,Undecided,Female,Heterosexual (straight),,white/Caucasian,,Non-Hispanic,No,In-state,Supported,No,No,Haven't needed it,,,Yes,
2018-03-07 13:01:42,2018-03-07 13:02:40,IP Address,152.23.129.95,100,57,True,2018-03-07 13:02:40,R_1pu4fK2Uu2rZsI2,,,,,36.052505493164,-79.107696533203,anonymous,EN,Yes,First-year,17-19 years,Psychology,Female,Bisexual,,Asian,,Non-Hispanic,Yes,In-state,Somewhat supported,No,No,Haven't had time/the hours don't work for me,,,Yes,
2018-03-07 13:08:26,2018-03-07 13:08:34,IP Address,152.2.133.14,100,8,True,2018-03-07 13:08:35,R_2xJzl0Ef1NuJayh,,,,,36.052505493164,-79.107696533203,anonymous,EN,No,,,,,,,,,,,,,,,,,,,
2018-03-07 13:22:21,2018-03-07 13:23:49,IP Address,152.23.81.124,100,87,True,2018-03-07 13:23:49,R_3g7R8rcwXRmjVjD,,,,,36.052505493164,-79.107696533203,anonymous,EN,Yes,Fifth-year senior,Over 23 years,political science,Male,Heterosexual (straight),,white/Caucasian,,Non-Hispanic,No,In-state,Neutral/indifferent,Yes,Yes,,,Second year of college,Yes,
2018-03-07 13:22:57,2018-03-07 13:26:25,IP Address,152.23.154.183,100,208,True,2018-03-07 13:26:26,R_2Xb4Cpif9WRR8ab,,,,,36.052505493164,-79.107696533203,anonymous,EN,Yes,Junior,20-23 years,Biology,Female,Heterosexual (straight),,black/African American,,Non-Hispanic,No,In-state,Neutral/indifferent,No,No,Haven't needed it,,,Yes,
2018-03-07 13:36:46,2018-03-07 13:40:18,IP Address,152.23.218.140,100,211,True,2018-03-07 13:40:18,R_1osXUpOWsjWbEHM,,,,,36.052505493164,-79.107696533203,anonymous,EN,Yes,Senior,20-23 years,Psychology BS,Female,Heterosexual (straight),,Hispanic or Latino,,Hispanic,Yes,In-state,Neutral/indifferent,Yes,Yes,,,Third year of college,Yes,
2018-03-07 13:51:13,2018-03-07 13:52:03,IP Address,45.37.124.166,100,49,True,2018-03-07 13:52:03,R_3oL4WGxrMMHEBZa,,,,,35.966598510742,-79.041000366211,anonymous,EN,Yes,First-year,17-19 years,Sports Administration,Female,Heterosexual (straight),,white/Caucasian,,Non-Hispanic,No,In-state,Somewhat supported,Yes,Yes,,,First year of college,Yes,
2018-03-07 13:56:15,2018-03-07 13:59:43,IP Address,5.148.88.114,100,208,True,2018-03-07 13:59:45,R_2q1A4GEHrhIIbVb,,,,,37.751007080078,-97.821998596191,anonymous,EN,Yes,Junior,20-23 years,"Media & Journalism, Political Science",Female,Heterosexual (straight),,white/Caucasian,,Non-Hispanic,No,In-state,Supported,Yes,Yes,,,First year of college,Yes,
2018-03-07 13:58:54,2018-03-07 14:01:25,IP Address,174.194.0.190,100,150,True,2018-03-07 14:01:25,R_1H5BIGeyrHviQqS,,,,,35.131103515625,-80.851196289062,anonymous,EN,Yes,Senior,20-23 years,"Global studies and political science ",Female,Heterosexual (straight),,white/Caucasian,,Non-Hispanic,No,In-state,Supported,No,No,Haven't had time/the hours don't work for me,,,No,
2018-03-07 14:18:17,2018-03-07 14:19:20,IP Address,152.23.142.187,100,62,True,2018-03-07 14:19:21,R_cLLqnZ3mXrcoyHf,,,,,36.052505493164,-79.107696533203,anonymous,EN,Yes,Senior,20-23 years,History and Communications,Female,Heterosexual (straight),,white/Caucasian,,Non-Hispanic,No,In-state,Supported,Yes,Yes,,,Second year of college,Yes,
2018-03-07 14:44:48,2018-03-07 14:45:59,IP Address,172.56.5.230,100,71,True,2018-03-07 14:45:59,R_3n6vtLxJpAwbysF,,,,,35.227096557617,-80.843101501465,anonymous,EN,Yes,Senior,20-23 years,English and Chinese,Female,Heterosexual (straight),,Asian,,Non-Hispanic,No,In-state,Supported,Yes,Yes,,,First year of college,Yes,
2018-03-07 14:39:37,2018-03-07 14:46:58,IP Address,152.23.214.66,100,441,True,2018-03-07 14:46:58,R_3r0sIrkRpUa7qeC,,,,,36.052505493164,-79.107696533203,anonymous,EN,Yes,Junior,20-23 years,History,Female,Heterosexual (straight),,white/Caucasian,,Non-Hispanic,No,In-state,Neutral/indifferent,No,No,Haven't heard of it,,,No,
2018-03-07 14:49:26,2018-03-07 14:50:34,IP Address,65.87.188.46,100,68,True,2018-03-07 14:50:34,R_27TrfWlpKJklXSX,,,,,35.913299560547,-79.159202575684,anonymous,EN,Yes,Junior,20-23 years,"Art History and Religious Studies ",Female,Heterosexual (straight),,white/Caucasian,,Non-Hispanic,Yes,Out-of-state,Neutral/indifferent,No,No,Worried about others finding out,,,Yes,
2018-03-07 14:51:50,2018-03-07 14:52:51,IP Address,24.211.140.235,100,60,True,2018-03-07 14:52:51,R_2b2lRTT5g9llzIo,,,,,35.913299560547,-79.159202575684,anonymous,EN,Yes,Junior,20-23 years,Political Science & PWAD,Female,Heterosexual (straight),,"white/Caucasian,Asian",,Non-Hispanic,No,In-state,Supported,Yes,Yes,,,Third year of college,Yes,
2018-03-07 15:19:53,2018-03-07 15:21:02,IP Address,152.23.209.149,100,68,True,2018-03-07 15:21:02,R_0SoP00X51oCbx8B,,,,,36.052505493164,-79.107696533203,anonymous,EN,Yes,Senior,20-23 years,"Psychology ",Female,Heterosexual (straight),,black/African American,,Non-Hispanic,No,In-state,Neutral/indifferent,No,No,Haven't needed it,,,Yes,
2018-03-07 16:13:55,2018-03-07 16:14:59,IP Address,69.59.1.2,100,64,True,2018-03-07 16:15:00,R_1eFAtuhFRBEVhBx,,,,,35.966598510742,-79.041000366211,anonymous,EN,Yes,Senior,20-23 years,HISTORY and PWAD,Female,Other,,white/Caucasian,,Non-Hispanic,Yes,In-state,Not at all,Yes,Yes,,,Third year of college,Yes,
2018-03-07 16:32:21,2018-03-07 16:33:43,IP Address,24.106.176.98,100,82,True,2018-03-07 16:33:44,R_3ehkodVfTyyOoI6,,,,,35.913299560547,-79.159202575684,anonymous,EN,Yes,Junior,20-23 years,Mathematics,Male,Heterosexual (straight),,white/Caucasian,,Non-Hispanic,No,In-state,Somewhat supported,No,No,Do not know how to access services,,,Yes,
2018-03-07 16:38:49,2018-03-07 16:39:27,IP Address,152.23.8.217,100,37,True,2018-03-07 16:39:27,R_3QXWAad6ntM7cLI,,,,,36.052505493164,-79.107696533203,anonymous,EN,Yes,Sophomore,17-19 years,ECON,Female,Heterosexual (straight),,white/Caucasian,,Non-Hispanic,No,In-state,Supported,Yes,Yes,,,First year of college,Yes,
2018-03-07 17:00:00,2018-03-07 17:01:33,IP Address,74.219.17.72,100,93,True,2018-03-07 17:01:34,R_33ebi6m8BfyTgP2,,,,,35.966598510742,-79.041000366211,anonymous,EN,Yes,Sophomore,17-19 years,Journalism PR and Global Studies,Female,Heterosexual (straight),,white/Caucasian,,Non-Hispanic,No,Out-of-state,Supported,No,No,Haven't needed it,,,Yes,
2018-03-07 18:31:58,2018-03-07 18:33:36,IP Address,152.23.235.66,100,98,True,2018-03-07 18:33:37,R_1Nq9DCoR34jWiMH,,,,,36.052505493164,-79.107696533203,anonymous,EN,Yes,Junior,20-23 years,History,Male,Gay,,"white/Caucasian,Asian,Other","mixed race - I identify with first; white and asian are just the components ",Non-Hispanic,No,In-state,Somewhat supported,Yes,No,Haven't needed it,,,Yes,
2018-03-07 18:43:46,2018-03-07 18:44:52,IP Address,24.172.123.142,100,66,True,2018-03-07 18:44:53,R_3g2hN5jfDr2YGpH,,,,,35.966598510742,-79.041000366211,anonymous,EN,Yes,Junior,20-23 years,"Broadcast Journalism, Political Science, History Minor ",Female,Heterosexual (straight),,white/Caucasian,,Non-Hispanic,No,In-state,Very supported,Yes,Yes,,,First year of college,Yes,
2018-03-07 19:04:15,2018-03-07 19:05:35,IP Address,152.23.101.79,100,80,True,2018-03-07 19:05:36,R_9MIKriJCc7WQ5BT,,,,,36.052505493164,-79.107696533203,anonymous,EN,Yes,Junior,20-23 years,"Biology and Anthropology ",Female,Heterosexual (straight),,white/Caucasian,,Non-Hispanic,Yes,In-state,Supported,No,No,Haven't needed it,,,No,
2018-03-07 19:06:45,2018-03-07 19:07:54,IP Address,99.203.16.196,100,68,True,2018-03-07 19:07:54,R_2wzga3qeanb4W9T,,,,,38.858993530273,-76.972099304199,anonymous,EN,Yes,Fifth-year senior,20-23 years,Biology BA and Nursing,Female,Heterosexual (straight),,white/Caucasian,,Non-Hispanic,No,In-state,Very supported,Yes,Yes,,,Fourth year of college,No,
2018-03-07 19:12:23,2018-03-07 19:14:42,IP Address,204.85.176.143,100,139,True,2018-03-07 19:14:43,R_6G9qMXLHYj0IL7P,,,,,35.994003295898,-78.898597717285,anonymous,EN,Yes,First-year,17-19 years,Statistics and Analytics,Female,Heterosexual (straight),,white/Caucasian,,Non-Hispanic,No,In-state,Somewhat supported,No,No,Haven't needed it,,,Yes,
2018-03-07 19:27:18,2018-03-07 19:28:45,IP Address,152.3.43.36,100,86,True,2018-03-07 19:28:45,R_4IyX7pxE1U9I23L,,,,,35.995407104492,-78.901901245117,anonymous,EN,Yes,Sophomore,20-23 years,Public policy,Male,Heterosexual (straight),,white/Caucasian,,Non-Hispanic,No,In-state,Somewhat supported,No,No,Haven't had time/the hours don't work for me,,,Yes,
2018-03-07 19:29:28,2018-03-07 19:30:42,IP Address,152.23.243.155,100,74,True,2018-03-07 19:30:43,R_XplBEBOKlhSMjcJ,,,,,36.052505493164,-79.107696533203,anonymous,EN,Yes,First-year,17-19 years,Computer Science B.S.,Female,Heterosexual (straight),,white/Caucasian,,Non-Hispanic,No,In-state,Very supported,No,No,Haven't needed it,,,Yes,
2018-03-07 19:31:10,2018-03-07 19:32:15,IP Address,74.219.17.207,100,64,True,2018-03-07 19:32:15,R_1nT8rk2Ux6KPdx7,,,,,35.966598510742,-79.041000366211,anonymous,EN,Yes,Senior,20-23 years,Health Policy and Management,Female,Heterosexual (straight),,Asian,,Non-Hispanic,No,In-state,Supported,No,No,Haven't needed it,,,Yes,
2018-03-07 20:08:21,2018-03-07 20:09:29,IP Address,152.23.250.102,100,68,True,2018-03-07 20:09:30,R_2BsohEkAzvxFGsP,,,,,36.052505493164,-79.107696533203,anonymous,EN,Yes,Sophomore,17-19 years,Statistics and Analytics,Female,Asexual,,"white/Caucasian,Hispanic or Latino",,Hispanic,No,In-state,Supported,Yes,Yes,,,First year of college,Yes,
2018-03-07 21:58:16,2018-03-07 21:59:17,IP Address,152.23.6.206,100,60,True,2018-03-07 21:59:17,R_2wnNfKVXlAaNZGS,,,,,36.052505493164,-79.107696533203,anonymous,EN,Yes,Senior,20-23 years,Public Health,Female,Heterosexual (straight),,Asian,,Non-Hispanic,No,In-state,Supported,No,No,Haven't needed it,,,Yes,
2018-03-07 23:13:10,2018-03-07 23:13:55,IP Address,152.23.96.71,100,45,True,2018-03-07 23:13:56,R_3PS304ZFWP3oatm,,,,,36.052505493164,-79.107696533203,anonymous,EN,Yes,Sophomore,20-23 years,Advertising,Female,Heterosexual (straight),,white/Caucasian,,Non-Hispanic,No,In-state,Neutral/indifferent,No,No,Haven't needed it,,,Yes,
2018-03-08 00:12:08,2018-03-08 00:13:13,IP Address,152.23.225.167,100,65,True,2018-03-08 00:13:14,R_2Pu7TGXcHIXqEYk,,,,,36.052505493164,-79.107696533203,anonymous,EN,Yes,Senior,20-23 years,Advertising + Biology,Male,Heterosexual (straight),,Asian,,Non-Hispanic,No,In-state,Neutral/indifferent,No,No,Haven't needed it,,,Yes,
2018-03-08 17:06:46,2018-03-08 17:08:10,IP Address,152.23.226.44,100,84,True,2018-03-08 17:08:11,R_2eXqiv7rbkNSvrt,,,,,36.052505493164,-79.107696533203,anonymous,EN,Yes,First-year,17-19 years,Statistics and Computer Science,Female,Heterosexual (straight),,white/Caucasian,,Non-Hispanic,No,In-state,Supported,No,No,Haven't needed it,,,Yes,
2018-03-08 17:59:33,2018-03-08 18:00:25,IP Address,152.2.19.56,100,52,True,2018-03-08 18:00:26,R_0VWEZ6El04QYjId,,,,,36.052505493164,-79.107696533203,anonymous,EN,Yes,Junior,20-23 years,Math,Male,Heterosexual (straight),,"white/Caucasian,Asian",,Non-Hispanic,No,In-state,Neutral/indifferent,No,No,Haven't heard of it,,,No,
2018-03-08 18:49:34,2018-03-08 18:50:16,IP Address,152.23.234.185,100,42,True,2018-03-08 18:50:17,R_1Qsmi2YvmdAEmLF,,,,,36.052505493164,-79.107696533203,anonymous,EN,Yes,Sophomore,20-23 years,"Journalism ",Female,Heterosexual (straight),,white/Caucasian,,Non-Hispanic,No,In-state,Somewhat supported,No,No,Did not have the services I was looking for,,,Yes,
2018-03-13 10:45:14,2018-03-13 10:47:11,IP Address,67.58.113.50,100,117,True,2018-03-13 10:47:12,R_2ZJ4U9H6diII2uI,,,,,35.169799804688,-82.789703369141,anonymous,EN,Yes,Junior,20-23 years,Broadcast Journalism,Male,Heterosexual (straight),,white/Caucasian,,Non-Hispanic,No,In-state,Supported,No,No,Haven't needed it,,,Yes,
2018-03-07 11:04:40,2018-03-07 11:05:58,IP Address,152.23.189.195,82,77,False,2018-03-14 12:06:15,R_1obYhS2WjUr72aI,,,,,,,anonymous,EN,Yes,First-year,17-19 years,Computer Science and Linguistics,Male,Heterosexual (straight),,white/Caucasian,,Non-Hispanic,No,In-state,Somewhat supported,No,No,,,,,
2018-03-07 11:32:35,2018-03-07 11:33:47,IP Address,152.23.161.17,12,72,False,2018-03-14 12:33:50,R_xzJmkytDlMlni7f,,,,,,,anonymous,EN,Yes,,,,,,,,,,,,,,,,,,,
2018-03-14 16:40:03,2018-03-14 16:41:19,IP Address,65.190.55.73,100,76,True,2018-03-14 16:41:20,R_YQ63yymxpWoe23f,,,,,35.79150390625,-78.781097412109,anonymous,EN,Yes,Senior,20-23 years,English,Female,Bisexual,,Asian,,Non-Hispanic,No,In-state,Somewhat supported,Yes,Yes,,,Third year of college,Yes,
2018-03-07 16:08:39,2018-03-07 17:06:27,IP Address,152.23.139.63,0,3468,False,2018-03-14 18:06:38,R_3nUkJUihyimj8WQ,,,,,,,anonymous,EN,,,,,,,,,,,,,,,,,,,,
2018-03-14 18:38:12,2018-03-14 18:38:20,IP Address,97.86.151.246,100,7,True,2018-03-14 18:38:20,R_3HNxWUdtQMqiDJ0,,,,,35.256500244141,-120.62139892578,anonymous,EN,No,,,,,,,,,,,,,,,,,,,
2018-03-08 12:50:57,2018-03-08 12:51:28,IP Address,75.176.1.120,12,30,False,2018-03-15 13:51:55,R_32XXGGCCcmAZ0p8,,,,,,,anonymous,EN,Yes,,,,,,,,,,,,,,,,,,,
2018-03-15 22:22:20,2018-03-15 22:23:31,IP Address,68.195.105.29,100,70,True,2018-03-15 22:23:31,R_2rgPu8FijL07aPT,,,,,40.653900146484,-73.608200073242,anonymous,EN,Yes,Sophomore,20-23 years,"Statistics and Analytics ",Female,Heterosexual (straight),,white/Caucasian,,Non-Hispanic,No,Out-of-state,Very supported,No,No,Do not know how to access services,,,No,
2018-03-16 14:46:56,2018-03-16 14:48:16,IP Address,66.57.219.34,100,80,True,2018-03-16 14:48:17,R_3nwkd7BMlGKHubS,,,,,35.966598510742,-79.041000366211,anonymous,EN,Yes,Senior,20-23 years,History & Public Policy,Male,Heterosexual (straight),,white/Caucasian,,Non-Hispanic,Yes,In-state,Very supported,No,No,Haven't heard of it,,,No,
2018-03-07 12:48:35,2018-03-10 00:33:32,IP Address,98.27.53.117,12,215097,False,2018-03-17 01:34:04,R_1P0NW6nt796lRmi,,,,,,,anonymous,EN,Yes,,,,,,,,,,,,,,,,,,,
2018-03-20 12:40:18,2018-03-20 12:42:23,IP Address,204.85.176.187,100,124,True,2018-03-20 12:42:23,R_2Wu1U7jaE67rOiT,,,,,35.994003295898,-78.898597717285,anonymous,EN,Yes,First-year,17-19 years,Math BA,Female,Heterosexual (straight),,white/Caucasian,,Non-Hispanic,Yes,In-state,Neutral/indifferent,No,No,Haven't had time/the hours don't work for me,,,Yes,
2018-03-12 19:55:48,2018-03-13 13:42:03,IP Address,107.15.178.1,82,63974,False,2018-03-20 13:42:07,R_6ERUXbyHtnbpA09,,,,,,,anonymous,EN,Yes,Junior,20-23 years,economics,Male,Heterosexual (straight),,white/Caucasian,,Hispanic,No,In-state,Somewhat supported,Yes,No,,,,,
2018-04-03 14:23:39,2018-04-03 14:26:26,IP Address,152.23.255.94,100,166,True,2018-04-03 14:26:27,R_2VpEsApOBws3J9L,,,,,36.052505493164,-79.107696533203,anonymous,EN,Yes,Junior,Over 23 years,Media and Journalism,Female,Bisexual,,white/Caucasian,,Non-Hispanic,No,Out-of-state,Supported,No,No,Haven't had time/the hours don't work for me,,,Yes,
2018-04-03 14:26:47,2018-04-03 14:27:32,IP Address,174.193.146.141,100,45,True,2018-04-03 14:27:33,R_1FaK9LCOlrs5KEp,,,,,35.22770690918,-80.843902587891,anonymous,EN,Yes,First-year,17-19 years,"History ",Female,Heterosexual (straight),,white/Caucasian,,Non-Hispanic,No,In-state,Very supported,No,No,Worried about others finding out,,,Yes,
2018-04-03 14:28:53,2018-04-03 14:30:17,IP Address,152.23.253.218,100,84,True,2018-04-03 14:30:18,R_2S1AQOTFQHJVntR,,,,,36.052505493164,-79.107696533203,anonymous,EN,Yes,Sophomore,20-23 years,English,Female,Bisexual,,white/Caucasian,,Non-Hispanic,Yes,In-state,Somewhat supported,Yes,Yes,,,First year of college,Yes,
2018-04-03 14:34:55,2018-04-03 14:36:03,IP Address,152.23.61.27,100,68,True,2018-04-03 14:36:03,R_3PdAC237NRPAVoK,,,,,36.052505493164,-79.107696533203,anonymous,EN,Yes,Junior,20-23 years,English and Political Science,Female,Lesbian,,white/Caucasian,,Non-Hispanic,Yes,In-state,Supported,Yes,Yes,,,Third year of college,Yes,
2018-04-03 15:03:35,2018-04-03 15:04:27,IP Address,24.225.84.81,100,51,True,2018-04-03 15:04:27,R_2CBzLoZ9LvbQhxK,,,,,35.966598510742,-79.041000366211,anonymous,EN,Yes,Junior,20-23 years,English,Female,Heterosexual (straight),,Asian,,Non-Hispanic,No,In-state,Supported,No,No,Haven't heard of it,,,No,
2018-04-03 15:11:35,2018-04-03 15:12:49,IP Address,152.23.104.223,100,74,True,2018-04-03 15:12:50,R_BKXj01RTida81j3,,,,,36.052505493164,-79.107696533203,anonymous,EN,Yes,Junior,20-23 years,Journalism,Female,Heterosexual (straight),,white/Caucasian,,Non-Hispanic,No,Out-of-state,Supported,Yes,Yes,,,Third year of college,Yes,
2018-04-03 15:13:47,2018-04-03 15:16:53,IP Address,76.182.121.210,100,185,True,2018-04-03 15:16:53,R_2wAb3jx0qp9piI2,,,,,35.913192749023,-79.055801391602,anonymous,EN,Yes,Junior,20-23 years,Economics and Computer Science,Non-conforming,Queer,,"white/Caucasian,Asian",,Non-Hispanic,No,Out-of-state,Supported,Yes,Yes,,,First year of college,Yes,
2018-04-03 16:11:15,2018-04-03 16:12:34,IP Address,152.23.155.106,100,78,True,2018-04-03 16:12:35,R_02smhIG9eO3B7Pz,,,,,36.052505493164,-79.107696533203,anonymous,EN,Yes,Senior,20-23 years,"American History ",Female,Bisexual,,white/Caucasian,,Non-Hispanic,Yes,In-state,Neutral/indifferent,Yes,Yes,,,Third year of college,Yes,
2018-04-03 16:52:48,2018-04-03 16:53:40,IP Address,152.23.154.69,100,52,True,2018-04-03 16:53:41,R_1eKpfEPnk1BbPQs,,,,,36.052505493164,-79.107696533203,anonymous,EN,Yes,First-year,17-19 years,Political Science,Female,Heterosexual (straight),,white/Caucasian,,Non-Hispanic,No,In-state,Very supported,No,No,Haven't needed it,,,Yes,
2018-04-03 16:59:31,2018-04-03 17:04:41,IP Address,152.23.160.211,100,309,True,2018-04-03 17:04:42,R_yz1boAnilTllQmR,,,,,36.052505493164,-79.107696533203,anonymous,EN,Yes,Junior,17-19 years,Biology,Female,Heterosexual (straight),,white/Caucasian,,Non-Hispanic,No,In-state,Neutral/indifferent,No,No,Do not know how to access services,,,Yes,
2018-04-03 17:09:14,2018-04-03 17:10:21,IP Address,152.23.191.53,100,67,True,2018-04-03 17:10:23,R_12G7upYIrzruhxa,,,,,36.052505493164,-79.107696533203,anonymous,EN,Yes,Junior,20-23 years,Biology,Female,Heterosexual (straight),,white/Caucasian,,Non-Hispanic,No,In-state,Somewhat supported,Yes,Yes,,,Third year of college,No,
2018-04-03 17:11:46,2018-04-03 17:12:40,IP Address,98.26.111.125,100,53,True,2018-04-03 17:12:43,R_2zHeB43O1Ob7T2V,,,,,35.913192749023,-79.055801391602,anonymous,EN,Yes,Senior,20-23 years,"History and Archaeology ",Female,Heterosexual (straight),,white/Caucasian,,Non-Hispanic,No,In-state,Supported,No,No,Haven't needed it,,,Yes,
2018-04-03 17:11:54,2018-04-03 17:12:50,IP Address,152.23.71.215,100,56,True,2018-04-03 17:12:50,R_BM0Bzlj947WHFbH,,,,,36.052505493164,-79.107696533203,anonymous,EN,Yes,Sophomore,20-23 years,"public relations, psychology ",Female,Heterosexual (straight),,white/Caucasian,,Non-Hispanic,No,In-state,Supported,No,No,Haven't needed it,,,Yes,
2018-04-03 18:24:29,2018-04-03 18:27:46,IP Address,204.85.176.116,100,197,True,2018-04-03 18:27:47,R_w761EdllVAumdEd,,,,,35.994003295898,-78.898597717285,anonymous,EN,Yes,Sophomore,17-19 years,Media and Journalism-Public Relations and Communication Studies,Female,Heterosexual (straight),,white/Caucasian,,Non-Hispanic,No,In-state,Supported,No,No,Other,havenâ€™t made the time/put in effort to go,,Yes,
2018-04-03 18:48:38,2018-04-03 18:49:52,IP Address,152.23.220.243,100,73,True,2018-04-03 18:49:53,R_3PvprRgXL5N7JSI,,,,,36.052505493164,-79.107696533203,anonymous,EN,Yes,Sophomore,17-19 years,English and Communications,Male,Bisexual,,white/Caucasian,,Non-Hispanic,No,In-state,Supported,Yes,Yes,,,First year of college,Yes,
2018-04-03 19:23:48,2018-04-03 19:24:46,IP Address,69.59.1.2,100,58,True,2018-04-03 19:24:47,R_2tbPJ1AHF1xB6Yr,,,,,35.966598510742,-79.041000366211,anonymous,EN,Yes,Sophomore,20-23 years,"Peace, War, and Defense and History",Female,Lesbian,,white/Caucasian,,Non-Hispanic,Yes,In-state,Neutral/indifferent,No,No,Do not know how to access services,,,No,
2018-04-03 20:12:52,2018-04-03 20:14:24,IP Address,98.27.49.127,100,91,True,2018-04-03 20:14:24,R_3s1cVla9oyV1mVr,,,,,35.913299560547,-79.159202575684,anonymous,EN,Yes,Junior,20-23 years,Political Science and Global Studies,Female,Heterosexual (straight),,white/Caucasian,,Non-Hispanic,No,Out-of-state,Supported,No,No,Haven't needed it,,,No,
2018-04-03 19:12:18,2018-04-03 22:01:17,IP Address,152.23.250.192,100,10138,True,2018-04-03 22:01:17,R_6VSh0qpxSbMgyQx,,,,,36.052505493164,-79.107696533203,anonymous,EN,Yes,First-year,17-19 years,Journalism,Male,Bisexual,,white/Caucasian,,Non-Hispanic,No,In-state,Supported,No,No,Haven't had time/the hours don't work for me,,,Yes,
2018-04-05 07:47:25,2018-04-05 07:49:22,IP Address,152.23.44.28,100,116,True,2018-04-05 07:49:22,R_eeNhwo9eNl9WkE1,,,,,36.052505493164,-79.107696533203,anonymous,EN,Yes,First-year,17-19 years,Health Policy and Management,Male,Heterosexual (straight),,black/African American,,Non-Hispanic,Yes,Out-of-state,Neutral/indifferent,No,No,Haven't needed it,,,Yes,
2018-04-09 14:14:36,2018-04-09 14:15:38,IP Address,2.109.108.138,100,61,True,2018-04-09 14:15:39,R_exnT3AHwqDQmzM5,,,,,55.666702270508,12.583297729492,anonymous,EN,Yes,Junior,20-23 years,Environmental Science,Female,Heterosexual (straight),,white/Caucasian,,Non-Hispanic,No,Out-of-state,Supported,No,No,Haven't had time/the hours don't work for me,,,Yes,
2018-04-03 14:26:15,2018-04-03 14:26:21,IP Address,152.23.204.27,12,6,False,2018-04-10 14:26:22,R_2YR48ufOdJeIape,,,,,,,anonymous,EN,Yes,,,,,,,,,,,,,,,,,,,
2018-04-22 08:41:29,2018-04-22 08:42:31,IP Address,98.26.25.168,100,61,True,2018-04-22 08:42:32,R_1mCNfEi5Gs6t4n4,,,,,35.913299560547,-79.159202575684,anonymous,EN,Yes,Senior,20-23 years,History,Male,Heterosexual (straight),,white/Caucasian,,Non-Hispanic,No,In-state,Somewhat supported,Yes,Yes,,,First year of college,Yes,
2018-04-22 09:02:11,2018-04-22 09:05:28,IP Address,174.194.8.94,100,196,True,2018-04-22 09:05:28,R_2b2BdQziuFWmhi1,,,,,35.422500610352,-78.995399475098,anonymous,EN,Yes,Junior,20-23 years,Psychology,Male,Heterosexual (straight),,white/Caucasian,,Non-Hispanic,No,In-state,Somewhat supported,Yes,Yes,,,First year of college,No,
2018-04-22 09:04:33,2018-04-22 09:05:48,IP Address,107.77.233.92,100,74,True,2018-04-22 09:05:48,R_337pKsoyn2nNhLc,,,,,33.748992919922,-84.388000488281,anonymous,EN,Yes,Junior,20-23 years,Journalism,Female,Heterosexual (straight),,white/Caucasian,,Non-Hispanic,No,In-state,Neutral/indifferent,No,No,Haven't needed it,,,Yes,
2018-04-22 09:26:34,2018-04-22 09:27:33,IP Address,152.23.254.194,100,59,True,2018-04-22 09:27:34,R_pE3ThxsHsqQ8LCN,,,,,36.052505493164,-79.107696533203,anonymous,EN,Yes,First-year,17-19 years,Computer Science,Male,Heterosexual (straight),,white/Caucasian,,Non-Hispanic,No,In-state,Neutral/indifferent,No,No,Do not know how to access services,,,No,
2018-04-22 10:08:12,2018-04-22 10:09:18,IP Address,69.59.1.2,100,65,True,2018-04-22 10:09:18,R_bxb1FoTV0bj9atH,,,,,35.966598510742,-79.041000366211,anonymous,EN,Yes,Senior,20-23 years,"Communication and History ",Female,Bisexual,,white/Caucasian,,Non-Hispanic,Yes,In-state,Somewhat supported,Yes,Yes,,,First year of college,Yes,
2018-04-22 11:41:05,2018-04-22 11:42:05,IP Address,152.23.122.243,100,60,True,2018-04-22 11:42:06,R_1jNwYy6qLR5sumW,,,,,36.052505493164,-79.107696533203,anonymous,EN,Yes,First-year,17-19 years,Political Science,Female,Heterosexual (straight),,white/Caucasian,,Non-Hispanic,No,In-state,Somewhat supported,Yes,Yes,,,First year of college,Yes,
2018-04-22 13:31:40,2018-04-22 13:32:16,IP Address,152.23.224.41,100,35,True,2018-04-22 13:32:17,R_2AGpbHDLNOglqgj,,,,,36.052505493164,-79.107696533203,anonymous,EN,Yes,First-year,17-19 years,Public Policy,Female,Heterosexual (straight),,white/Caucasian,,Non-Hispanic,Yes,In-state,Supported,Yes,Yes,,,First year of college,Yes,
2018-04-22 14:09:11,2018-04-22 14:10:18,IP Address,152.23.79.226,100,67,True,2018-04-22 14:10:19,R_22PTC62u38Iu6sS,,,,,36.052505493164,-79.107696533203,anonymous,EN,Yes,Senior,20-23 years,"HIstory and Political Science ",Male,Gay,,white/Caucasian,,Non-Hispanic,Yes,In-state,Somewhat supported,Yes,Yes,,,First year of college,Yes,
2018-04-22 16:58:38,2018-04-22 16:59:33,IP Address,152.23.229.108,100,55,True,2018-04-22 16:59:34,R_2OIUCL2d4YYqSH1,,,,,36.052505493164,-79.107696533203,anonymous,EN,Yes,Sophomore,17-19 years,Journalism,Female,Heterosexual (straight),,white/Caucasian,,Hispanic,No,In-state,Neutral/indifferent,Yes,Yes,,,First year of college,Yes,
2018-04-22 18:55:05,2018-04-22 19:20:17,IP Address,152.23.253.248,100,1511,True,2018-04-22 19:20:17,R_aaUIVewCPHjck3D,,,,,36.052505493164,-79.107696533203,anonymous,EN,Yes,First-year,17-19 years,Computer Science,Female,Other,Gray-Asexual,black/African American,,Non-Hispanic,No,In-state,Very supported,Yes,Yes,,,First year of college,Yes,
2018-04-22 22:13:40,2018-04-22 22:15:28,IP Address,74.219.17.201,100,108,True,2018-04-22 22:15:29,R_2PzcTXH8YjI2oxh,,,,,35.966598510742,-79.041000366211,anonymous,EN,Yes,Sophomore,17-19 years,Media & Journalism,Female,Heterosexual (straight),,white/Caucasian,,Non-Hispanic,No,In-state,Supported,No,No,Haven't needed it,,,No,
2018-04-22 23:24:34,2018-04-22 23:25:45,IP Address,71.55.79.226,100,70,True,2018-04-22 23:25:46,R_ymSnWnxv5qcDfcR,,,,,35.055206298828,-78.911399841309,anonymous,EN,Yes,Senior,20-23 years,Economics,Male,Heterosexual (straight),,white/Caucasian,,Non-Hispanic,No,In-state,Very supported,No,No,Haven't needed it,,,No,
2018-04-23 12:15:14,2018-04-23 12:16:04,IP Address,152.23.51.213,100,49,True,2018-04-23 12:16:05,R_qPYg9CRbZPXFw0p,,,,,36.052505493164,-79.107696533203,anonymous,EN,Yes,First-year,17-19 years,Chemistry and Biology,Female,Heterosexual (straight),,white/Caucasian,,Non-Hispanic,No,In-state,Supported,No,No,Haven't needed it,,,Yes,
2018-04-24 09:43:50,2018-04-24 09:45:41,IP Address,204.84.255.231,100,111,True,2018-04-24 09:45:42,R_3h6lby31mCKgggo,,,,,35.994003295898,-78.898597717285,anonymous,EN,Yes,Junior,20-23 years,"BIOLOGY ",Female,Heterosexual (straight),,white/Caucasian,,Non-Hispanic,No,In-state,Somewhat supported,No,No,Haven't heard of it,,,No,
